Detector,Warp,n_features,n_putative,n_correct,n_correspondences,PMR,Precision,MatchingScore,Recall
FAST+BRIEF,Combined warp,7363,98,2,7337,0.013309792204264566,0.02040816326530612,0.00027162841233192993,0.0002725909772386534
FAST+BRIEF,Rotated 45°,7363,117,0,6988,0.0158902621214179,0.0,0.0,0.0
FAST+BRIEF,Scaled 0.5x,7363,77,6,7363,0.010457693874779302,0.07792207792207792,0.0008148852369957897,0.0008148852369957897
FAST+BRIEF,Scaled 1.5x,7363,274,102,4962,0.0372130924894744,0.3722627737226277,0.013853049028928427,0.020556227327690448
FAST+BRIEF,Translated,7363,6429,6429,6867,0.8731495314409887,1.0,0.8731495314409887,0.9362166885102665
FAST+BRISK,Combined warp,6968,437,347,6960,0.06271526980482205,0.7940503432494279,0.04979908151549942,0.04985632183908046
FAST+BRISK,Rotated 45°,6968,4038,3944,6719,0.5795063145809415,0.9767211490837048,0.56601607347876,0.5869921119214169
FAST+BRISK,Scaled 0.5x,6968,3,0,6968,0.00043053960964408724,0.0,0.0,0.0
FAST+BRISK,Scaled 1.5x,6968,49,11,4962,0.007032146957520092,0.22448979591836735,0.0015786452353616532,0.0022168480451430876
FAST+BRISK,Translated,6968,6152,6152,6845,0.8828932261768083,1.0,0.8828932261768083,0.8987582176771366
FAST+FREAK,Combined warp,6175,767,661,6175,0.12421052631578948,0.8617992177314211,0.10704453441295547,0.10704453441295547
FAST+FREAK,Rotated 45°,6175,3066,2943,6123,0.4965182186234818,0.9598825831702544,0.4765991902834008,0.48064674179323863
FAST+FREAK,Scaled 0.5x,6175,11,0,6175,0.0017813765182186235,0.0,0.0,0.0
FAST+FREAK,Scaled 1.5x,6175,56,23,4962,0.009068825910931173,0.4107142857142857,0.0037246963562753035,0.004635227730753728
FAST+FREAK,Translated,6175,5338,5338,6168,0.8644534412955466,1.0,0.8644534412955466,0.8654345006485085
KAZE,Combined warp,6111,2301,2011,6103,0.37653411880216003,0.873967840069535,0.3290787105220095,0.3295100770113059
KAZE,Rotated 45°,6111,4162,3809,5905,0.6810669284896089,0.915185007208073,0.6233022418589429,0.6450465707027943
KAZE,Scaled 0.5x,6111,1011,892,6111,0.16543937162493863,0.8822947576656776,0.1459662902961872,0.1459662902961872
KAZE,Scaled 1.5x,6111,2434,2240,4119,0.39829815087547044,0.9202958093672966,0.3665521191294387,0.5438213158533625
KAZE,Translated,6111,5201,5156,5912,0.8510882016036655,0.9913478177273601,0.8437244313532973,0.8721244925575101
ORB,Combined warp,5000,2342,2287,5000,0.4684,0.9765157984628523,0.4574,0.4574
ORB,Rotated 45°,5000,3142,3033,4908,0.6284,0.9653087205601528,0.6066,0.6179706601466992
ORB,Scaled 0.5x,5000,1191,1173,5000,0.2382,0.9848866498740554,0.2346,0.2346
ORB,Scaled 1.5x,5000,1629,1543,3359,0.3258,0.947206875383671,0.3086,0.4593629056266746
ORB,Translated,5000,3533,3475,4956,0.7066,0.9835833569204642,0.695,0.7011702986279258
SIFT,Combined warp,3361,1933,1905,3317,0.5751264504611723,0.9855147439213657,0.5667955965486462,0.5743141392824842
SIFT,Rotated 45°,3361,1966,1931,3128,0.5849449568580779,0.9821973550356052,0.5745313894674204,0.6173273657289002
SIFT,Scaled 0.5x,3361,1328,1311,3361,0.39512049985123476,0.9871987951807228,0.39006248140434396,0.39006248140434396
SIFT,Scaled 1.5x,3361,1251,1214,2087,0.3722106515917882,0.9704236610711431,0.36120202320737876,0.5816962146621946
SIFT,Translated,3361,2906,2900,3086,0.864623623921452,0.9979353062629044,0.8628384409401963,0.9397278029812054
